name,description,refine_threshold,create_pages,segment_interval,compressor,avg_time_s,min_time_s,max_time_s,avg_tokens,avg_throughput_tok_s,best_throughput_tok_s
raw_attention,"Baseline: raw attention, no LuKA overhead",-1.0,False,1,mean,2.5751518827552595,2.5735120764002204,2.577248399145901,128.0,49.705806036981244,49.73747789015389
cover_view_only,"Cover view maintained but no pages created, no refinement",1.0,False,1,mean,2.910123380521933,2.8912389697507024,2.9337633792310953,128.0,43.98438940999233,44.271677761398195
pages_interval_1,"Pages created every step, no refinement",1.0,True,1,mean,3.671046206727624,3.659551041200757,3.6893517514690757,128.0,34.86744453540926,34.976968092239304
pages_with_refinement_0.05,Full LuKA with refinement threshold 0.05 (more refinement),0.05,True,1,mean,4.32568037789315,4.314376180060208,4.34656539093703,128.0,29.590720723185566,29.668252061927
